account_age,profile_completeness,posting_frequency,message_similarity,hashtag_usage,malicious_url_count,follower_following_ratio,label
1765.3306,0.6962,8.8682,0.1742,1.7321,6.8263,1.4531,0
2766.6788,0.9066,5.5581,0.2645,0.7983,5.2058,0.5172,0
3310.4772,0.8703,10.9214,0.3916,2.6729,7.3583,1.2699,0
1909.9817,0.8058,7.9111,0.2466,0.5523,1.2383,3.0753,0
57.0537,0.0804,37.8344,0.963,6.4055,15.0516,0.026,1
2945.1325,0.7308,10.3479,0.2153,2.1367,1.5815,2.9988,0
102.3195,0.8719,5.3084,0.2186,1.3141,4.0778,4.1352,0
3000.2574,0.6774,9.5724,0.2541,2.1229,4.015,4.0959,0
3059.4362,0.6739,13.3683,0.1993,1.7598,5.3889,3.3525,0
31.6086,0.1598,89.5845,0.8198,5.7941,48.8117,0.1486,1
1725.6479,0.9764,12.8822,0.246,2.9585,4.194,0.7343,0
46.505,0.0441,56.9029,0.7071,7.388,49.2643,0.1893,1
3368.6258,0.8915,5.2679,0.2413,1.7634,3.284,4.5809,0
2618.508,0.7422,10.7555,0.2806,2.5504,7.7516,2.36,0
706.8242,0.997,11.5515,0.0121,0.717,1.0091,2.7408,0
3098.564,0.6508,13.707,0.3468,1.5992,6.8556,2.398,0
53.5103,0.2082,73.2709,0.7115,7.5439,16.7493,0.0903,1
882.5833,0.8264,3.1123,0.0036,2.9869,1.9733,2.5947,0
2708.9868,0.9533,14.81,0.3306,2.8085,6.8123,1.2189,0
15.7643,0.1006,34.2246,0.8146,9.1102,27.496,0.1546,1
2100.0997,0.6806,12.0805,0.2077,0.407,7.4893,2.4893,0
39.0652,0.1231,74.3804,0.937,7.2718,46.1575,0.0141,1
2.0751,0.0812,42.6684,0.7641,13.456,48.126,0.1191,1
2795.4884,0.6625,13.7391,0.0211,0.2443,1.0312,4.2586,0
33.3753,0.2281,59.8327,0.7456,12.5396,42.06,0.0321,1
43.6247,0.2632,55.7968,0.966,10.9322,42.4816,0.0468,1
38.5482,0.0836,97.8372,0.797,10.3303,16.9016,0.1497,1
438.5313,0.6101,11.0577,0.0901,1.7006,7.604,2.4325,0
3348.4656,0.6983,2.2871,0.3833,0.3881,1.6281,0.67,0
2238.6955,0.9197,11.2536,0.2481,0.0213,3.8737,1.529,0
38.4705,0.0256,54.2154,0.7365,11.7867,42.5642,0.0542,1
58.3351,0.1132,71.4685,0.9781,13.5818,39.5889,0.0137,1
882.7901,0.8102,11.5874,0.3699,2.7334,0.9092,2.3286,0
59.1864,0.1338,90.4334,0.7847,9.0758,45.4995,0.1475,1
6.9459,0.112,97.9977,0.9453,11.5229,46.2933,0.0437,1
53.3381,0.0463,82.4756,0.9889,10.4665,42.0897,0.0205,1
1474.9949,0.8314,0.6554,0.1454,2.7354,2.3777,2.0827,0
1544.157,0.6875,10.529,0.078,1.378,1.9477,3.5112,0
1445.5937,0.8074,7.516,0.3867,1.6288,7.0595,1.3981,0
20.1945,0.1861,73.9254,0.97,10.4543,32.5218,0.1903,1
25.7564,0.2213,76.1095,0.9396,11.364,30.0046,0.0281,1
31.8412,0.2003,45.434,0.7822,10.7759,24.4993,0.1954,1
2.4957,0.0374,68.3315,0.7795,9.9355,38.331,0.1418,1
1063.7966,0.8677,4.1565,0.0039,0.8675,5.7117,2.9598,0
6.0355,0.2767,79.4533,0.7036,8.3886,21.6538,0.1608,1
39.3479,0.2167,99.0664,0.8313,10.0627,20.8012,0.097,1
3615.6797,0.7261,1.2193,0.1779,0.7364,3.4886,3.27,0
2126.6148,0.7706,11.8591,0.231,0.947,5.7815,3.1838,0
5.7996,0.173,77.1403,0.7231,6.5415,16.4848,0.1858,1
521.1854,0.961,6.496,0.2283,1.2328,1.5195,3.286,0
1214.258,0.7297,7.7508,0.2211,2.9268,7.5942,3.0295,0
921.4013,0.8023,12.448,0.0953,1.4637,7.1187,1.6951,0
59.4132,0.0935,85.8291,0.9533,11.0192,15.2745,0.1016,1
2732.8272,0.9074,14.6601,0.1934,2.7355,4.4137,2.1672,0
22.6153,0.2526,97.9741,0.7304,5.5226,27.555,0.0665,1
36.8451,0.2439,32.5905,0.7934,6.981,38.6887,0.0398,1
3100.179,0.7626,13.1946,0.1928,0.7295,7.913,2.1707,0
2.2145,0.184,45.4847,0.9439,5.3361,17.186,0.1098,1
34.5302,0.0544,40.5741,0.7364,10.407,42.4119,0.0323,1
1345.4078,0.8323,4.6207,0.113,2.5288,4.9448,2.67,0
46.4296,0.2796,41.7238,0.9149,7.1907,17.5579,0.1297,1
36.2761,0.263,99.8554,0.7684,13.4998,17.5311,0.1314,1
621.5728,0.7871,3.6029,0.0768,2.604,3.4203,4.853,0
10.4877,0.2045,99.7987,0.8951,14.1077,25.2658,0.1221,1
876.4198,0.7184,11.3935,0.1262,0.1194,1.0131,2.8548,0
2852.1164,0.8,5.4893,0.3061,2.0503,6.262,3.5467,0
278.3627,0.8195,7.183,0.1305,2.4386,1.9918,2.0602,0
1566.7624,0.632,5.6614,0.2445,2.1967,2.8542,2.2678,0
46.5624,0.1542,50.7416,0.876,12.5675,29.1786,0.1413,1
1316.3903,0.8478,4.6076,0.2667,2.4846,1.2869,1.7087,0
45.5775,0.1093,83.0767,0.9401,14.0614,24.6659,0.0018,1
12.0991,0.1771,35.1237,0.7406,8.8654,28.8794,0.1766,1
3477.6291,0.8937,8.8384,0.0146,0.935,3.3515,2.5428,0
3001.7979,0.7584,2.1038,0.1683,1.7085,0.7588,1.0096,0
49.5334,0.1518,69.7279,0.8537,7.0699,34.9339,0.0779,1
35.8592,0.2842,35.5005,0.8555,6.961,49.8187,0.0407,1
3037.8133,0.8849,7.3944,0.3635,0.6176,0.4026,1.9428,0
26.969,0.0387,52.0703,0.8575,7.5097,41.9123,0.1037,1
797.2882,0.618,11.075,0.0477,1.9233,0.1692,4.0573,0
20.0544,0.2777,86.121,0.7556,11.1707,20.6585,0.0137,1
1491.9322,0.7223,9.655,0.3653,0.5277,2.5505,2.8741,0
9.3145,0.1177,46.7144,0.9003,7.0136,23.1335,0.003,1
30.5895,0.045,37.3451,0.7946,11.0065,30.1486,0.1643,1
48.3296,0.1312,37.7332,0.7287,7.5862,24.8352,0.193,1
10.2298,0.0164,35.7141,0.8874,9.2183,15.3163,0.1609,1
1173.5893,0.9402,10.1987,0.1338,0.7724,6.517,1.15,0
1981.2891,0.7045,12.3283,0.2277,1.4559,1.7742,2.0553,0
3614.8864,0.8551,7.9367,0.1575,2.0305,6.1827,4.3566,0
2553.2481,0.8024,7.879,0.0333,2.3421,0.1446,0.8891,0
37.0915,0.1041,85.2789,0.9905,5.0157,18.339,0.1036,1
38.1076,0.0059,97.8589,0.8909,14.1664,22.2477,0.0062,1
33.9459,0.1995,73.2493,0.7662,14.6642,39.4023,0.135,1
1053.3957,0.869,13.4145,0.3812,1.9392,6.8492,4.0664,0
39.3283,0.0373,75.8158,0.9951,13.7275,44.6471,0.1437,1
1747.135,0.8308,13.6268,0.0201,2.459,3.4569,4.1229,0
5.293,0.0055,51.5551,0.7809,8.8551,42.3221,0.0458,1
1849.5095,0.8639,8.3067,0.3887,2.6242,6.7403,4.0678,0
53.3456,0.0384,99.3818,0.8285,13.221,23.4676,0.1166,1
22.0484,0.0044,59.2437,0.7824,9.5924,17.5516,0.1247,1
1756.7606,0.6088,10.5231,0.033,1.9119,7.606,1.3876,0
1306.9001,0.6166,9.1427,0.1778,0.5649,1.2273,0.902,0
51.5329,0.225,70.5073,0.9448,14.1329,23.414,0.085,1
1581.0366,0.74,13.6885,0.0844,2.0542,4.4216,1.9277,0
56.2331,0.186,44.0367,0.9879,10.1745,31.4496,0.1384,1
1825.7632,0.6065,14.3096,0.1508,0.171,0.8187,2.021,0
2800.0435,0.9674,10.7231,0.1626,1.789,6.2653,1.7045,0
611.4797,0.9118,7.1485,0.1745,2.5049,6.7856,3.9245,0
239.841,0.8194,11.3659,0.3819,2.4328,2.7783,4.8019,0
3.4057,0.056,30.447,0.7349,11.7618,40.8509,0.1529,1
1327.6116,0.6096,5.8952,0.1263,1.9992,7.3233,4.5988,0
3535.5532,0.8952,8.7958,0.2904,1.305,5.76,2.1442,0
1265.0372,0.7925,6.2031,0.3995,2.1956,2.8754,4.846,0
3402.9144,0.8969,2.7206,0.3949,0.042,3.9306,1.8644,0
1375.1911,0.8888,13.6834,0.1115,0.3611,5.7883,1.56,0
44.0468,0.0228,72.9388,0.9085,6.0547,17.5122,0.0816,1
37.4749,0.2953,64.2193,0.8682,14.8401,17.746,0.1513,1
16.2186,0.2788,37.1757,0.7398,11.5316,26.8071,0.103,1
279.5345,0.8375,0.5137,0.3065,1.6127,4.2254,3.9706,0
925.3963,0.6625,8.5494,0.0665,0.4901,5.1136,0.8394,0
8.4966,0.0054,86.0411,0.7125,5.0551,30.2949,0.1936,1
2504.9052,0.8582,9.3423,0.3472,1.4771,6.0013,4.685,0
33.4222,0.0067,97.5583,0.7279,14.0008,46.5679,0.1239,1
2310.5479,0.6935,11.4057,0.3025,2.8371,2.8057,4.2069,0
37.2854,0.0455,48.8295,0.8363,12.7388,20.1556,0.0409,1
2.4346,0.245,63.1247,0.7584,6.8533,34.0569,0.192,1
1731.5234,0.9968,14.9558,0.1388,1.9173,6.6555,4.7983,0
3152.2711,0.8988,11.605,0.0959,2.1045,2.0658,0.8898,0
56.8877,0.0033,42.4005,0.8552,8.0233,18.5881,0.1299,1
2499.1714,0.7767,2.6533,0.1484,0.6991,1.3142,1.3084,0
1152.0695,0.6322,2.2958,0.3134,0.8983,6.2634,0.7569,0
2448.9188,0.6111,4.4028,0.016,2.146,6.9952,3.1171,0
342.9991,0.8526,2.0759,0.2772,1.5181,5.6779,0.8228,0
44.7053,0.171,35.0713,0.7974,11.3131,48.5277,0.0138,1
1669.48,0.844,13.5123,0.1335,2.0533,1.0451,3.1088,0
1661.0787,0.7442,3.1214,0.0485,0.878,0.8093,4.2873,0
55.3906,0.121,54.5498,0.7636,11.6902,48.429,0.1937,1
48.639,0.0554,92.2124,0.8396,13.036,42.6126,0.0542,1
14.9977,0.2789,45.4539,0.9985,8.0475,25.493,0.0235,1
47.3254,0.1406,63.195,0.777,7.6016,24.7566,0.0748,1
1.3258,0.119,32.9465,0.9211,7.0488,26.2523,0.0626,1
16.268,0.1854,92.0184,0.9889,13.6014,18.1012,0.1476,1
58.0326,0.1631,32.2768,0.7779,13.3137,20.1437,0.0824,1
3062.7299,0.8455,1.2936,0.1897,1.2688,5.6578,0.8399,0
20.9417,0.1628,79.1725,0.9705,8.6185,44.5277,0.0367,1
1621.0256,0.6182,3.9917,0.2332,0.5769,5.5472,2.2261,0
3528.4026,0.7643,2.9103,0.0197,1.5518,1.5933,1.8134,0
2556.64,0.7108,2.9477,0.1343,0.4996,2.8941,3.983,0
1.9119,0.0697,83.2717,0.8248,13.557,36.7845,0.1404,1
2960.2866,0.8689,5.9673,0.162,2.1258,4.366,4.8886,0
43.1612,0.0014,41.1681,0.7364,12.1403,23.0037,0.0133,1
1755.3629,0.9326,2.4095,0.3065,1.0488,7.0075,4.5264,0
15.0206,0.1938,91.029,0.8191,9.5035,22.4198,0.1649,1
2052.0334,0.7431,3.4867,0.2774,0.4497,0.9365,4.2257,0
7.907,0.0774,90.7543,0.7195,13.884,28.7618,0.1174,1
3287.7745,0.9322,6.7886,0.087,0.703,0.1683,4.4022,0
45.0166,0.0736,37.4615,0.9519,11.2341,26.7464,0.1272,1
16.9791,0.034,87.0378,0.7295,8.4522,40.1416,0.0928,1
2470.9311,0.7138,7.8625,0.0255,1.2164,6.7375,2.0999,0
23.932,0.2112,91.1574,0.806,5.6227,42.808,0.0595,1
3245.9453,0.9512,2.093,0.2593,1.4406,3.6769,4.7444,0
2388.8456,0.7861,9.8557,0.1752,1.4336,5.936,1.7254,0
1640.1459,0.6246,1.9118,0.1878,0.2019,0.779,1.5453,0
3648.4298,0.9119,2.9484,0.0525,1.7423,7.5695,4.3654,0
2831.5436,0.6473,1.2777,0.1239,2.2251,4.6382,0.8995,0
1359.8868,0.8666,9.7169,0.3961,1.3281,4.6572,1.8651,0
188.6494,0.726,10.2297,0.0814,0.1686,0.4474,1.1839,0
37.7505,0.209,74.5501,0.7214,6.0803,49.3412,0.0751,1
168.002,0.8802,14.6488,0.1102,1.9378,1.165,0.8273,0
50.3228,0.261,61.6623,0.7247,14.9282,34.778,0.0435,1
26.8993,0.2955,35.608,0.8981,10.0741,23.6569,0.1445,1
38.954,0.136,44.7464,0.8968,9.2203,24.8868,0.0544,1
31.8628,0.1791,60.4908,0.9526,12.9421,48.959,0.0804,1
18.0953,0.0118,87.1083,0.964,6.4071,44.3768,0.1275,1
3190.944,0.8256,11.6613,0.366,2.468,5.7176,0.6398,0
3.6813,0.2065,57.7321,0.9184,9.8341,16.8084,0.071,1
33.1914,0.1322,74.2092,0.8635,9.86,35.3568,0.0528,1
11.0001,0.0418,77.9896,0.9928,13.7898,47.112,0.0674,1
6.7334,0.2366,70.738,0.8644,9.346,17.1771,0.1791,1
3006.5278,0.9021,13.6867,0.3048,0.8152,3.8821,1.4873,0
1448.1179,0.925,14.4405,0.0347,0.4995,1.3665,1.6394,0
28.3582,0.1083,72.2414,0.9254,10.1128,19.61,0.1318,1
943.0489,0.6708,5.7633,0.1702,2.5526,0.4226,2.0553,0
2.373,0.1977,66.0372,0.8525,12.8899,22.1638,0.0375,1
3554.4226,0.7588,11.373,0.1036,1.9169,6.9981,0.6117,0
2430.2541,0.7412,6.1872,0.215,0.7094,0.5847,1.3713,0
42.4781,0.0727,64.6603,0.7457,12.315,41.6363,0.1476,1
38.9027,0.0572,91.1396,0.7757,6.2056,32.7085,0.0154,1
23.7801,0.1679,39.2097,0.9812,5.4374,35.3031,0.1273,1
398.6532,0.6899,12.8028,0.0535,0.059,5.7827,3.5285,0
3240.2835,0.9877,12.1348,0.19,2.06,0.6891,2.3355,0
678.7179,0.7337,12.1739,0.2179,2.0408,0.5088,4.4712,0
885.3974,0.9258,7.7985,0.2042,1.6044,0.4217,2.3225,0
1308.461,0.8161,12.6284,0.0736,2.0286,5.9468,1.6304,0
47.0127,0.1443,39.106,0.8649,8.804,42.0523,0.0785,1
14.2319,0.1236,85.6367,0.8379,14.6281,28.0109,0.1388,1
54.4175,0.0778,70.9748,0.7981,14.8804,25.647,0.0483,1
1.8492,0.0423,45.9918,0.8747,11.038,19.1476,0.034,1
1.2986,0.0764,49.1539,0.8859,7.9222,15.6143,0.0878,1
2931.9495,0.636,2.0807,0.2803,0.734,4.3586,0.6635,0
22.1495,0.1476,45.2778,0.8821,14.8499,27.5235,0.031,1
3.7406,0.2594,88.0241,0.8617,11.5417,49.9237,0.1265,1
560.3604,0.9954,9.0259,0.1519,0.3129,1.8855,1.6266,0
206.8687,0.6747,13.2588,0.3192,0.9284,1.2468,3.834,0
1831.8118,0.6161,10.3465,0.1107,2.2078,3.9225,0.7382,0
3410.5698,0.8398,5.9718,0.134,2.6598,1.3459,2.1499,0
915.8849,0.6055,11.3056,0.3376,1.0659,0.4182,1.0288,0
50.2828,0.0459,87.2577,0.9554,14.791,25.3356,0.0982,1
2482.3807,0.7341,11.5174,0.1964,0.8562,6.0955,3.2691,0
21.8478,0.0275,76.7749,0.8971,9.9233,45.2854,0.0422,1
842.1608,0.9239,8.3961,0.022,0.5219,0.6518,1.4687,0
33.0191,0.177,81.6308,0.8271,12.8628,25.3352,0.0535,1
15.8552,0.0966,54.3466,0.9526,10.4079,18.6878,0.1842,1
191.4821,0.7573,4.2274,0.2306,2.1527,1.2552,0.678,0
1811.569,0.993,2.9297,0.0618,0.2121,3.2696,1.4609,0
825.7917,0.6052,2.94,0.1204,0.3896,0.2598,2.3809,0
45.7129,0.1357,80.3441,0.8806,5.5952,38.1852,0.1485,1
2056.6179,0.8429,12.5287,0.0592,1.8549,2.0373,4.5208,0
51.3276,0.1873,73.1655,0.7411,6.1493,37.2584,0.1263,1
1195.0624,0.657,3.484,0.1774,2.334,2.5167,4.1086,0
1099.7369,0.6344,12.3937,0.3478,1.9697,3.2181,3.4766,0
58.5753,0.2209,90.9678,0.9324,8.9702,49.2058,0.0701,1
975.6381,0.6084,6.7428,0.2019,2.0314,3.0296,1.2244,0
3310.0637,0.7935,6.9775,0.1637,2.8568,7.3973,2.4622,0
11.9064,0.2317,31.4889,0.8899,5.8173,17.3103,0.0529,1
619.8487,0.7186,2.6339,0.037,2.7445,3.9855,4.1302,0
44.1876,0.0929,91.1062,0.7077,14.0625,35.0735,0.0501,1
3169.5392,0.7645,6.3045,0.2494,1.8782,5.6028,2.7267,0
30.685,0.0201,90.6922,0.7858,11.361,37.9821,0.043,1
3096.9538,0.9958,13.9279,0.1392,0.2974,0.4781,1.6813,0
1010.4439,0.9909,6.6842,0.2469,0.4365,5.7093,3.5119,0
24.5118,0.0446,81.9895,0.9829,14.4173,35.1993,0.0948,1
1848.5006,0.894,1.4924,0.1898,0.2166,7.7282,4.6783,0
42.0492,0.2313,38.4146,0.9408,13.7709,23.2241,0.1145,1
1418.7088,0.8301,5.0327,0.2072,0.385,0.2813,3.6806,0
56.9842,0.1666,38.4397,0.7818,14.7201,15.501,0.0203,1
11.0609,0.2999,71.7389,0.8831,10.6533,43.9964,0.0837,1
30.6556,0.2444,46.0968,0.8872,5.4814,31.5833,0.1216,1
2170.546,0.6541,11.3548,0.1268,2.3155,2.1444,3.3895,0
54.1247,0.1523,54.2118,0.8196,11.7073,15.3473,0.1906,1
7.8483,0.0529,99.7434,0.9244,11.8659,25.111,0.039,1
36.3209,0.2441,81.2557,0.8024,7.4955,48.4617,0.125,1
36.7793,0.019,64.205,0.8319,12.399,41.9555,0.1354,1
3126.5433,0.8566,8.4827,0.0786,0.3186,3.6397,2.7882,0
2116.3088,0.8383,9.7061,0.0108,0.4912,2.4921,2.8707,0
31.4617,0.2803,79.9861,0.8984,5.8709,41.5059,0.0745,1
5.5418,0.2071,40.7727,0.862,14.8352,17.1941,0.1227,1
9.4365,0.0418,61.8318,0.874,11.0294,35.6723,0.1162,1
5.3686,0.278,77.5753,0.8926,9.5124,36.1223,0.0212,1
19.348,0.19,96.1312,0.9963,10.387,35.5053,0.1402,1
28.4703,0.175,36.1507,0.891,14.7153,48.6219,0.0776,1
20.523,0.1478,59.2307,0.8783,9.6393,32.6079,0.0405,1
849.4971,0.878,8.8167,0.3007,1.626,2.3914,1.5832,0
3581.0172,0.9212,5.2873,0.2882,0.6343,3.6177,2.9775,0
2696.8124,0.9784,6.1087,0.2872,1.3918,7.9251,2.7128,0
45.3014,0.0039,73.2001,0.8066,11.4582,29.883,0.0498,1
17.5161,0.1195,45.345,0.9324,8.0937,22.7727,0.1167,1
848.3155,0.692,0.8272,0.3432,1.9317,0.7158,1.2006,0
2685.7165,0.7662,5.2537,0.1414,2.9537,3.0844,2.2071,0
2880.7078,0.8397,9.1627,0.39,0.5244,0.4659,1.4462,0
10.2037,0.0488,76.1148,0.8196,12.594,18.8242,0.1666,1
3536.6712,0.8226,1.4803,0.1677,1.0622,7.2907,1.5062,0
23.1174,0.1067,33.3748,0.8763,7.0131,39.5409,0.141,1
26.2249,0.0517,43.0507,0.7238,11.3458,32.3843,0.0204,1
42.1239,0.2287,57.4745,0.9212,10.917,33.5381,0.0949,1
35.5608,0.1416,59.5205,0.8382,5.6644,16.3625,0.0766,1
2436.4674,0.6653,9.1488,0.3089,2.4394,4.0298,3.1013,0
712.4598,0.7731,2.2762,0.1713,2.8931,5.7965,0.9412,0
7.9717,0.0693,41.4467,0.9067,13.2242,26.6048,0.0737,1
639.7724,0.6872,5.0249,0.2059,1.7473,6.0505,1.1228,0
42.1075,0.2016,57.3757,0.962,13.5756,44.9261,0.0865,1
27.8837,0.2398,46.6281,0.9297,7.8578,21.2739,0.0169,1
53.661,0.2419,48.592,0.8673,5.8346,44.4949,0.0497,1
1631.1211,0.6493,0.5877,0.0976,1.8946,5.4737,1.5337,0
18.3725,0.0351,85.7576,0.8606,5.9386,28.5858,0.1065,1
458.4723,0.9304,9.1557,0.2877,1.3751,0.7939,1.3411,0
42.7763,0.2177,64.2597,0.9295,9.8757,46.2582,0.0104,1
43.8314,0.0866,98.1442,0.7077,9.6036,38.714,0.1882,1
1089.1829,0.6699,5.8684,0.133,1.9665,7.2473,4.132,0
37.7746,0.294,36.2588,0.8173,5.652,46.1031,0.1766,1
3034.2563,0.6234,4.7247,0.3565,0.3224,5.7089,1.9217,0
2806.6867,0.8424,2.3954,0.0248,1.4071,1.6479,0.7212,0
466.5908,0.6606,11.8558,0.2424,2.9323,0.6661,1.9078,0
11.4495,0.1131,42.9868,0.8242,7.3951,17.6462,0.1114,1
2.7995,0.046,57.7846,0.7451,11.1078,39.9103,0.0134,1
41.8218,0.1787,61.5971,0.7184,13.0491,33.1286,0.1347,1
380.2349,0.7993,14.9381,0.2969,0.9112,2.9324,2.47,0
34.953,0.0197,71.4645,0.9185,6.4214,21.1328,0.1319,1
5.9265,0.1792,77.8274,0.8302,8.4245,47.6524,0.0107,1
24.1928,0.2386,49.1951,0.999,10.9836,22.9882,0.0709,1
184.1625,0.768,6.2283,0.1159,0.4398,6.7288,3.8873,0
2449.1013,0.6724,9.5366,0.1391,1.0155,7.7505,1.1143,0
1989.6362,0.6574,2.8822,0.1871,0.4072,2.8015,4.8273,0
2949.3731,0.9222,7.9488,0.1894,0.1535,1.3791,0.8603,0
57.7682,0.0866,99.959,0.8716,11.2066,44.9788,0.0359,1
28.0369,0.1573,73.6077,0.7532,7.9504,48.2661,0.1385,1
14.1922,0.1699,90.9527,0.8004,9.7555,48.1482,0.1675,1
2039.9278,0.7122,5.5989,0.2958,2.1978,4.4972,2.6383,0
21.704,0.19,74.7384,0.8927,8.1397,41.3987,0.1729,1
52.1044,0.2468,89.4437,0.8601,12.7671,30.3702,0.0024,1
15.2813,0.0383,82.6902,0.9811,7.3987,29.5777,0.1299,1
2972.0339,0.7158,8.0121,0.2367,1.9487,1.0169,4.1224,0
6.0054,0.0822,97.8938,0.7176,10.5371,24.2864,0.0684,1
27.8179,0.032,68.1142,0.8375,14.4404,39.6705,0.0554,1
6.3812,0.2684,32.9101,0.8859,12.5621,43.5873,0.1525,1
2432.4583,0.6507,3.9969,0.376,2.469,6.7494,4.9518,0
930.0356,0.8923,12.7531,0.0503,2.4763,4.4135,0.5905,0
3.7142,0.1495,98.2355,0.9435,6.1449,28.9243,0.1781,1
792.8411,0.7716,6.4549,0.2457,1.9506,2.5852,4.6402,0
1190.6183,0.6291,7.5912,0.2385,1.1682,6.1972,4.7643,0
2468.6038,0.9917,3.6994,0.1345,2.176,2.6724,3.0205,0
1838.1668,0.7328,6.6983,0.0181,1.0802,1.6398,3.8705,0
1088.2081,0.8685,4.3976,0.1211,1.6363,4.9851,2.9958,0
3075.718,0.6933,4.8991,0.0425,1.0869,7.7241,4.7386,0
1084.9996,0.8165,3.3378,0.1738,0.3104,2.6977,2.9529,0
23.1993,0.2622,96.123,0.7985,5.5765,27.9248,0.1186,1
54.4749,0.2743,69.9427,0.9207,8.4728,31.1601,0.0746,1
53.6307,0.0605,98.8784,0.9442,7.9724,23.6311,0.0211,1
39.8629,0.063,60.7031,0.9584,11.1257,21.7058,0.1816,1
677.908,0.7865,11.2632,0.0607,0.5005,6.2455,4.8269,0
39.4657,0.1415,41.4537,0.9342,5.1801,27.1833,0.0359,1
7.8363,0.0775,96.4973,0.864,12.7201,37.6736,0.1889,1
4.0372,0.2368,89.5407,0.9346,9.9421,30.1455,0.1575,1
32.8975,0.1729,33.638,0.806,10.1267,48.0296,0.1118,1
2913.7116,0.7183,9.863,0.1373,1.6394,1.2101,3.0014,0
2111.4487,0.7352,4.9634,0.1331,0.4383,2.9165,2.5404,0
3555.5083,0.7444,11.1518,0.3107,1.5124,4.1469,3.9716,0
11.2189,0.0534,90.7791,0.8318,5.8018,47.1449,0.1265,1
54.1683,0.1486,55.6523,0.7242,14.8099,48.8462,0.1186,1
2641.9774,0.8342,7.1414,0.0875,2.905,0.9865,1.5444,0
20.9193,0.1596,45.4128,0.9386,10.274,20.8434,0.1089,1
3110.7878,0.9854,9.1328,0.2871,0.757,5.202,1.8625,0
5.6289,0.2517,92.6372,0.9293,13.7422,37.4215,0.1313,1
3420.97,0.9592,3.4615,0.0672,2.3867,1.5231,4.2241,0
2327.0177,0.6004,7.9033,0.3408,0.2741,2.2774,3.6479,0
23.0979,0.2094,42.9593,0.8557,7.6171,43.9632,0.1345,1
25.1282,0.1774,66.8482,0.7886,7.7473,32.4613,0.0968,1
2723.6878,0.8342,11.8834,0.3207,2.6874,2.0685,4.6846,0
1820.1099,0.8257,9.916,0.2115,0.1479,4.0491,2.7625,0
656.6851,0.6205,3.352,0.1727,1.8841,7.4842,3.29,0
1258.2014,0.6325,4.0794,0.2258,2.0749,6.3113,4.6679,0
33.6774,0.0154,83.36,0.8289,12.9051,15.3996,0.1072,1
19.8829,0.1264,76.4663,0.9237,11.7712,33.2879,0.1496,1
31.2135,0.0241,74.2269,0.9604,6.7488,39.9622,0.0319,1
26.1994,0.1107,68.56,0.907,11.6792,48.7427,0.1213,1
21.1074,0.2004,53.5902,0.8665,13.901,20.3058,0.1802,1
47.7032,0.2605,52.1309,0.9087,6.6002,26.3853,0.1529,1
2161.4818,0.9293,2.7299,0.0743,2.8289,4.2855,3.1354,0
991.6509,0.7433,4.9613,0.0991,1.1275,6.9869,3.3952,0
8.0561,0.0416,95.9912,0.9077,12.7561,43.7887,0.0901,1
1584.414,0.6963,12.2712,0.3375,0.8439,4.2363,1.8952,0
7.6949,0.0774,53.9311,0.9927,7.1264,44.2418,0.0578,1
31.1692,0.2392,63.6355,0.9361,14.5053,34.1302,0.1672,1
3026.8739,0.9369,1.6684,0.1488,0.7375,2.2231,4.5331,0
59.2263,0.1045,50.1067,0.8355,8.3022,47.523,0.1352,1
3.2035,0.1759,39.2901,0.9212,7.8068,49.34,0.1755,1
14.1044,0.2686,64.7113,0.8043,5.1261,39.635,0.1646,1
4.0492,0.2122,32.211,0.987,13.0259,42.7408,0.0867,1
4.396,0.1276,99.0641,0.9383,7.8924,27.9829,0.1674,1
33.7069,0.1039,42.7483,0.7126,13.212,40.5102,0.1606,1
17.8056,0.0359,48.692,0.7267,9.7117,16.6865,0.0538,1
30.1708,0.24,40.384,0.8066,9.5852,21.3565,0.0078,1
1815.2921,0.8769,14.0509,0.03,0.1198,3.5784,4.4677,0
20.069,0.1342,35.3292,0.7704,13.9026,38.3235,0.1234,1
46.8517,0.1802,64.8022,0.7266,7.7025,43.9627,0.091,1
6.3271,0.0305,41.2532,0.9976,9.7129,36.2713,0.0112,1
35.9525,0.0169,52.337,0.9409,7.5653,15.3102,0.1343,1
2702.1504,0.791,12.3736,0.312,2.1582,4.3953,1.2413,0
38.353,0.0727,73.4641,0.7439,10.6044,31.2433,0.0653,1
45.2863,0.0298,97.8875,0.9179,12.0559,43.3808,0.0078,1
2275.4252,0.7657,11.7409,0.115,2.5547,0.3002,4.5878,0
35.8627,0.0855,50.0927,0.9452,8.251,26.047,0.0819,1
3241.2357,0.7914,6.6218,0.1509,0.7971,7.5829,4.1808,0
57.7844,0.006,87.7277,0.862,13.1906,25.4318,0.0742,1
14.3633,0.1574,48.1863,0.9418,13.5574,21.9725,0.0321,1
4.4269,0.2733,78.4594,0.8741,9.4974,44.8887,0.1812,1
854.1878,0.9739,1.2805,0.2328,2.0753,4.8537,4.9755,0
58.1888,0.1489,85.847,0.9618,6.2482,39.6295,0.0977,1
49.1122,0.1866,31.2512,0.9588,13.7783,31.6753,0.0542,1
239.4064,0.6307,13.3249,0.2751,1.219,0.3823,2.3723,0
2279.5946,0.9501,7.9208,0.3848,0.8444,2.1555,4.0799,0
39.0829,0.1317,97.7735,0.8103,5.7897,48.6969,0.1233,1
3.1763,0.2672,91.5041,0.9266,13.2164,27.6018,0.0737,1
2211.7082,0.8263,1.3733,0.0157,2.8963,7.6136,2.2932,0
12.5193,0.1076,75.6167,0.7392,11.678,47.9954,0.0782,1
39.7992,0.2815,96.5604,0.7427,12.0369,46.4496,0.103,1
1044.046,0.8915,13.273,0.1644,1.9441,2.0982,3.0465,0
1117.1444,0.8288,9.1898,0.1575,1.5562,5.1861,1.4053,0
8.0721,0.1535,35.6732,0.8995,10.5976,15.1527,0.1865,1
396.5134,0.7045,14.6435,0.0625,0.0398,4.8303,4.7611,0
2438.2478,0.8407,5.3913,0.1887,0.0844,4.7269,2.4342,0
39.9391,0.167,95.606,0.9586,14.383,15.6765,0.1071,1
30.2154,0.1819,85.3506,0.7321,10.6122,41.8141,0.1941,1
3513.2978,0.6103,7.8301,0.2954,1.3439,1.9475,3.4784,0
14.4991,0.151,78.7214,0.7701,7.769,39.7442,0.1179,1
547.3072,0.9398,10.2398,0.2307,2.7857,5.6744,1.3598,0
6.2211,0.0402,83.7032,0.8833,9.623,33.2902,0.1207,1
53.8359,0.2678,63.2242,0.7607,11.0578,16.9122,0.1613,1
23.082,0.1954,77.0821,0.9355,12.619,25.3796,0.0423,1
1314.4821,0.7807,11.7817,0.2199,1.2904,5.3079,3.0754,0
1500.7317,0.6533,5.2537,0.3556,2.2954,0.2067,4.6021,0
27.9081,0.2515,96.0987,0.8458,9.1879,43.1553,0.0113,1
52.2473,0.0891,58.4836,0.8087,5.3946,34.6725,0.1336,1
322.1052,0.8311,1.7729,0.369,1.4018,6.9328,3.2314,0
2933.9409,0.7083,3.3803,0.213,0.4002,2.8485,4.5573,0
2925.5387,0.6573,4.8858,0.3031,1.6517,2.1204,2.7576,0
1325.0473,0.8477,6.8896,0.0819,2.2645,5.5354,3.0284,0
2242.5273,0.6948,7.243,0.3933,2.3305,7.5805,2.3137,0
28.9763,0.1742,35.0539,0.9784,6.2103,41.6353,0.1194,1
46.7328,0.2557,67.0256,0.8805,9.847,18.8849,0.0966,1
1750.7838,0.7634,0.8472,0.339,0.9684,0.5832,4.6181,0
402.1174,0.9544,8.06,0.0166,2.4239,1.0598,4.304,0
3460.9847,0.6394,14.3049,0.0769,0.3284,7.907,4.7048,0
1260.1212,0.8937,3.2133,0.1941,1.2156,4.5012,2.6686,0
52.765,0.0101,30.8134,0.745,11.0709,19.6996,0.1586,1
3023.6104,0.6161,12.3846,0.3835,1.7423,4.6175,4.6963,0
136.51,0.6422,6.5751,0.3791,0.5062,3.9721,0.9435,0
2843.3385,0.8729,14.1598,0.0535,2.7445,0.9307,4.3898,0
3023.8638,0.7759,9.8602,0.0348,2.4482,4.3048,2.8019,0
352.1739,0.7189,3.3463,0.2239,0.3419,4.37,4.9134,0
45.4493,0.27,88.6681,0.7442,6.9462,32.8112,0.143,1
26.4848,0.2962,94.0842,0.773,5.2182,39.0703,0.0137,1
1207.172,0.928,5.1524,0.2433,0.9048,6.4254,2.368,0
38.0259,0.0225,30.4031,0.8449,6.488,43.5995,0.1843,1
2858.525,0.8695,2.5028,0.3682,2.5091,0.8546,2.2391,0
6.9662,0.1577,76.6805,0.881,7.8841,34.0574,0.0885,1
54.4157,0.0546,93.6323,0.7494,10.5864,41.5572,0.0539,1
4.7499,0.0986,91.5383,0.849,14.0922,30.7272,0.1175,1
17.0096,0.0639,98.8858,0.7711,10.125,39.748,0.0184,1
1134.6862,0.866,11.4015,0.2732,0.0525,5.0992,0.8843,0
52.1573,0.0382,84.5896,0.9676,9.8767,43.2438,0.1447,1
3.1206,0.2725,66.2398,0.9685,7.7681,23.4692,0.0151,1
23.902,0.2327,93.8654,0.9329,5.1171,45.337,0.1592,1
5.1636,0.0615,64.0668,0.9757,12.2397,18.5631,0.0376,1
1.6699,0.1557,78.2669,0.8928,9.4404,40.5143,0.1001,1
42.416,0.216,39.9747,0.7764,11.341,30.594,0.0667,1
50.1141,0.2798,96.0842,0.9867,14.0644,30.6912,0.0614,1
55.5569,0.0513,74.2835,0.8923,5.3319,15.5143,0.062,1
12.5517,0.2585,42.5778,0.7395,8.4317,24.8874,0.0382,1
2696.7766,0.6285,7.3011,0.2018,1.8804,4.2404,1.4265,0
408.9111,0.7364,5.0957,0.2523,2.5165,5.6192,3.7782,0
22.6952,0.2223,96.0531,0.7303,7.4189,31.0299,0.0038,1
3082.3837,0.8377,3.9665,0.194,2.4655,1.3509,0.8533,0
3556.9915,0.9628,7.389,0.2749,2.3739,5.2636,1.3952,0
706.0147,0.7426,12.8119,0.3042,1.0574,0.5033,1.3025,0
649.9849,0.771,12.2721,0.241,0.2258,6.0709,0.8875,0
1382.9834,0.8501,11.8374,0.335,2.4792,3.0188,3.828,0
1346.8288,0.8535,12.9906,0.0064,0.5647,0.6199,2.861,0
41.7653,0.0336,84.5892,0.7243,7.7928,27.8725,0.1328,1
1655.5341,0.7555,10.7861,0.3939,2.3444,3.9116,3.9056,0
496.1551,0.8127,2.1326,0.0138,0.9425,6.6915,0.7846,0
1265.2275,0.624,14.5018,0.202,0.1653,3.6621,2.3464,0
3036.9226,0.7591,3.9435,0.3127,2.4898,7.2977,2.031,0
46.8084,0.1192,66.3842,0.7612,6.4259,37.9128,0.0651,1
32.6107,0.0712,82.0456,0.8491,13.4145,38.7235,0.1005,1
57.8536,0.2719,94.4593,0.9281,10.9898,43.3893,0.1741,1
432.9067,0.8374,2.4909,0.3855,0.5527,0.1442,3.3772,0
3416.7796,0.8231,13.3134,0.2044,1.4577,5.028,4.6928,0
1694.0876,0.6387,10.6069,0.3076,2.2426,1.1375,1.0864,0
19.8196,0.0468,90.9525,0.8627,7.7538,31.6718,0.1556,1
57.0858,0.1872,48.8825,0.9989,9.8559,40.5271,0.0045,1
42.7046,0.2587,99.1406,0.765,13.7958,22.911,0.1195,1
48.6791,0.0245,67.5882,0.7973,13.9399,40.9316,0.0183,1
1421.2151,0.7034,6.3772,0.1687,1.9867,1.5856,4.6434,0
1494.7776,0.8078,3.4589,0.0967,2.8415,5.4887,2.2987,0
59.4398,0.2167,46.5235,0.7298,8.7455,26.6267,0.0646,1
54.5464,0.0362,99.6435,0.7208,12.9326,15.0047,0.0517,1
38.3708,0.2621,71.5058,0.7999,11.5429,26.0695,0.0399,1
20.3912,0.2845,38.5477,0.8779,5.39,44.6949,0.1309,1
622.8283,0.9297,6.7303,0.211,0.1031,2.1016,4.9935,0
28.651,0.0141,77.3559,0.8264,11.2623,45.1592,0.1382,1
6.3859,0.1139,90.779,0.7447,9.54,25.638,0.0081,1
45.8863,0.0546,72.5416,0.7385,7.0377,34.3375,0.0798,1
3431.7807,0.871,6.6447,0.2429,0.2359,5.7716,1.9425,0
28.8607,0.0456,46.217,0.9153,8.8042,39.9883,0.0506,1
51.4722,0.2745,43.968,0.7384,9.5624,49.7639,0.1816,1
1297.9627,0.9121,11.1031,0.2439,1.9978,3.395,1.2082,0
1520.7536,0.9827,11.2,0.1238,2.8975,3.7222,0.7181,0
890.5001,0.969,6.9504,0.0256,2.964,4.1215,1.0794,0
749.0741,0.8655,13.5064,0.0426,1.793,1.4282,1.0254,0
2156.5664,0.9715,5.0268,0.0472,2.9177,4.5099,4.3448,0
607.654,0.8001,1.4053,0.346,2.0123,3.0101,3.9384,0
46.4871,0.269,46.1469,0.9173,7.8714,20.0007,0.0377,1
58.2247,0.1255,99.1368,0.9154,5.6265,45.9213,0.0575,1
51.6464,0.0879,60.1621,0.8848,6.5446,33.8683,0.1651,1
1162.811,0.997,4.943,0.2402,2.385,1.8695,0.5409,0
54.6499,0.2015,73.8124,0.777,6.1477,36.4761,0.0807,1
3.0289,0.0686,52.3127,0.8702,10.2339,44.6073,0.0227,1
15.6161,0.1357,64.8737,0.7878,5.5114,16.0209,0.1342,1
12.0046,0.0482,65.5227,0.9792,6.2626,37.8074,0.0211,1
5.5863,0.041,62.4446,0.7207,13.6558,25.8426,0.1772,1
697.123,0.7531,9.2137,0.2306,2.601,5.9305,1.3678,0
2061.9511,0.6326,3.8673,0.105,2.0475,6.8203,1.634,0
755.4452,0.9991,0.6437,0.0275,1.8919,4.9567,4.2659,0
2.8543,0.0507,34.049,0.7576,14.1509,37.0345,0.0185,1
27.0503,0.0806,30.3458,0.8765,6.1614,43.2343,0.1127,1
56.2671,0.2908,83.272,0.7521,11.9415,18.9029,0.1628,1
48.9552,0.0619,90.77,0.9366,9.4044,41.5652,0.1962,1
18.2994,0.0883,32.754,0.9659,8.8421,40.9664,0.0626,1
1503.1706,0.6809,6.0408,0.1538,0.6323,5.3121,2.7638,0
3501.3189,0.8295,12.1136,0.1043,1.0762,0.2227,1.9476,0
2765.2323,0.7611,4.4231,0.1552,0.7061,4.748,3.4495,0
23.8174,0.1194,37.4886,0.8209,11.4288,17.0332,0.1763,1
55.9147,0.0615,88.0218,0.9199,8.4588,45.6559,0.1992,1
1065.595,0.6017,8.5329,0.1094,2.7798,2.8178,4.9003,0
2722.9767,0.9632,4.8159,0.0087,2.7474,2.5578,1.9261,0
2137.522,0.7611,8.4126,0.3201,1.2011,2.1218,2.891,0
2504.7456,0.6533,11.7448,0.3006,0.4327,0.1759,3.6236,0
52.7708,0.0312,48.0693,0.9283,9.3099,17.4905,0.0519,1
3388.9465,0.8768,5.6762,0.1467,0.9268,4.9234,2.9334,0
3327.5722,0.6248,6.9407,0.3867,2.3957,1.3918,3.0105,0
42.0658,0.16,64.4116,0.8464,9.3043,46.1549,0.0413,1
2492.6794,0.8638,1.6828,0.2911,1.5846,1.0144,2.5697,0
3.403,0.1257,75.5228,0.8969,8.8384,47.1836,0.15,1
11.8209,0.0079,94.7674,0.7023,9.111,47.4234,0.0668,1
57.3371,0.1612,98.3106,0.8932,13.2379,26.2584,0.1564,1
1626.3496,0.7419,7.1806,0.1669,1.3133,6.6903,4.9964,0
6.5268,0.0199,60.2634,0.791,5.9653,42.3132,0.0167,1
9.1137,0.2597,67.8887,0.9085,10.1265,33.0552,0.137,1
902.5807,0.8281,12.6669,0.2908,0.1338,0.0804,4.2573,0
18.2365,0.291,94.7077,0.8055,14.3682,25.4788,0.1371,1
2.5642,0.011,93.0491,0.9265,14.0245,22.7298,0.1392,1
3079.0904,0.6961,2.0283,0.0836,2.1098,3.2593,1.994,0
2272.0001,0.8417,12.2199,0.0909,1.554,3.7258,4.5905,0
30.0053,0.0039,48.0378,0.8117,12.5118,28.736,0.1778,1
45.9291,0.2505,66.0917,0.8684,13.2671,38.1355,0.1981,1
586.8771,0.8756,0.792,0.3221,1.1552,7.6022,2.8482,0
1465.3693,0.8576,2.7587,0.1213,1.2962,4.0696,4.6333,0
54.0147,0.0403,52.6527,0.8518,5.4202,15.5932,0.1718,1
2763.4435,0.7088,2.2393,0.2237,2.2699,3.0078,2.3541,0
34.1154,0.1037,65.8882,0.7312,10.2333,33.2059,0.168,1
392.0668,0.956,14.0102,0.2233,0.8253,6.7743,3.8972,0
5.3985,0.2712,54.8236,0.8872,6.6471,43.1219,0.0502,1
874.6367,0.8791,2.6271,0.0225,2.4615,0.0313,2.6828,0
35.1185,0.0545,52.8523,0.8978,6.4002,44.8825,0.0933,1
672.3268,0.8352,3.0969,0.3843,2.6206,3.3417,4.5925,0
5.9623,0.0515,39.7756,0.9029,14.6114,39.8262,0.1415,1
29.8777,0.2236,77.6099,0.808,13.2598,16.8324,0.0855,1
44.0114,0.2849,59.9441,0.7287,13.7058,37.4167,0.1732,1
634.1766,0.8807,2.2453,0.2659,2.4644,4.6285,2.5683,0
59.1741,0.0411,78.4838,0.8321,7.5933,32.9849,0.1609,1
32.2494,0.2308,51.0674,0.8819,12.8845,32.2503,0.1657,1
48.7967,0.2539,90.2086,0.9355,8.8451,24.6146,0.002,1
17.5656,0.1177,90.5051,0.8349,13.923,49.6965,0.0439,1
17.5768,0.1304,78.6827,0.8489,13.6355,32.6678,0.0104,1
12.0076,0.0831,91.4223,0.8986,11.153,24.4638,0.0027,1
1495.5189,0.7597,5.7672,0.3813,2.6382,0.2599,0.7113,0
3562.4681,0.8789,1.8256,0.2141,2.6031,7.8316,4.3048,0
400.6436,0.9802,2.8183,0.2314,1.0836,1.5467,4.15,0
722.9953,0.7365,3.4989,0.0211,1.576,6.2069,1.8575,0
49.2629,0.1388,36.0891,0.7603,11.3467,18.1251,0.1346,1
48.4167,0.0183,36.4041,0.9982,9.4032,27.6082,0.1477,1
53.5774,0.0645,58.2898,0.8554,12.2214,40.7055,0.1399,1
932.2109,0.8921,8.0479,0.3718,1.7811,7.4998,4.1145,0
12.563,0.0086,58.1352,0.8233,9.1177,25.4848,0.0154,1
1006.4441,0.8094,5.3544,0.278,1.2681,3.7584,0.8497,0
122.6456,0.8682,8.2511,0.2946,2.1313,6.8526,1.4025,0
5.0923,0.2838,46.628,0.9178,12.2917,27.3568,0.1389,1
22.21,0.1026,72.0014,0.8128,7.3743,32.5211,0.1257,1
19.391,0.0341,46.3072,0.9418,5.6767,17.7177,0.0845,1
37.9257,0.1786,32.8076,0.8937,5.1013,27.5502,0.0483,1
21.6034,0.1832,91.0076,0.7205,9.4706,33.1661,0.1011,1
672.8541,0.7676,9.161,0.2527,0.4481,6.2438,3.2968,0
1729.8903,0.7524,8.4322,0.3866,2.3892,1.945,4.5685,0
2449.7934,0.6228,7.9297,0.2767,1.8862,5.1537,4.747,0
31.5814,0.2232,61.8654,0.8465,9.4338,30.6686,0.0036,1
22.8679,0.2489,61.0625,0.9123,13.3365,40.0048,0.1991,1
1097.7266,0.9982,13.3525,0.3267,0.1003,4.2161,4.3644,0
43.8394,0.1272,79.6342,0.8049,14.3175,33.2511,0.044,1
28.9348,0.1991,62.3836,0.8296,5.7101,41.3993,0.1158,1
1187.8365,0.6532,14.5254,0.3111,2.7233,4.305,4.2915,0
17.4401,0.1495,90.7106,0.9126,13.2825,31.0195,0.0909,1
14.4482,0.1855,75.8669,0.7526,14.8411,28.2061,0.1465,1
2147.8437,0.9488,13.2006,0.3935,0.8089,6.9418,4.7242,0
58.2055,0.156,91.2291,0.9854,9.583,27.2087,0.0411,1
10.6131,0.2694,80.768,0.954,13.737,47.1384,0.1014,1
2441.2462,0.6388,3.7912,0.0966,2.0203,6.1348,3.4212,0
30.3377,0.0634,77.4611,0.8563,12.1024,42.3638,0.1169,1
1.7171,0.1991,69.6911,0.7073,7.2775,28.3181,0.0038,1
45.518,0.0257,79.4744,0.9351,11.369,16.315,0.1153,1
1034.5281,0.8705,10.3968,0.2441,2.5312,6.2938,1.2726,0
33.4044,0.2409,47.2972,0.7617,14.0761,47.4168,0.1097,1
18.1825,0.0451,32.3762,0.9781,11.6379,40.2947,0.1568,1
287.3167,0.9134,12.9649,0.3576,1.2485,6.4704,1.9241,0
862.1704,0.8161,2.0486,0.1127,0.7955,1.1423,4.2165,0
278.7408,0.9315,4.0809,0.355,1.8891,4.2076,2.0017,0
1.6394,0.1025,86.3969,0.8104,7.1789,22.9144,0.1995,1
1361.3851,0.9175,9.4236,0.3879,2.6314,6.9894,4.4972,0
2488.3144,0.7173,12.9298,0.1272,0.3056,0.4162,1.0095,0
41.3697,0.1352,34.5749,0.7544,7.2532,41.37,0.0135,1
11.2876,0.2947,67.799,0.7914,13.3704,25.0593,0.0371,1
55.7708,0.2699,73.8354,0.8444,10.2145,42.3463,0.0343,1
3085.2259,0.6345,4.9995,0.1758,1.0846,3.7335,3.5424,0
670.4125,0.638,12.6634,0.0521,2.5034,7.8926,3.85,0
1064.2978,0.6648,12.991,0.3452,2.7306,3.2026,0.5064,0
1531.3875,0.8286,13.8059,0.3413,0.0599,7.5601,4.5931,0
59.1534,0.1295,73.3028,0.7263,6.0064,41.8649,0.0885,1
33.016,0.1203,54.5439,0.8842,8.3135,21.8924,0.1607,1
757.7098,0.8193,13.6842,0.2284,0.3758,2.5538,2.1471,0
3160.8206,0.9388,12.9571,0.0048,2.9233,1.9108,2.3911,0
297.3996,0.7817,14.9178,0.364,2.9749,5.9241,4.3783,0
31.9606,0.2432,69.7562,0.9694,13.9983,31.6895,0.0809,1
51.7831,0.2242,58.5917,0.8607,6.6595,39.0457,0.0162,1
39.9516,0.1,91.0248,0.8845,11.0791,37.2027,0.1533,1
33.8513,0.2382,60.1214,0.9405,10.7177,25.1677,0.0286,1
1912.5617,0.9405,8.4592,0.3026,2.5758,5.7866,1.9426,0
140.124,0.8702,7.4977,0.1067,1.4516,6.4917,1.8417,0
6.4931,0.0971,34.7145,0.7525,7.6029,33.5828,0.0616,1
52.4162,0.2763,70.606,0.9008,6.521,18.5662,0.1755,1
2076.5864,0.9669,12.228,0.1823,2.6314,5.2712,1.3985,0
3031.2739,0.9861,12.7688,0.1467,2.6091,3.9442,1.0808,0
21.1229,0.2451,97.4094,0.8038,8.0531,24.3657,0.0221,1
32.3499,0.0458,95.5349,0.9213,10.7205,46.7765,0.1994,1
3049.8696,0.7603,14.8382,0.3511,0.9311,1.7237,1.7908,0
2607.1739,0.8177,4.2214,0.1305,1.3587,3.2078,3.6901,0
759.3524,0.924,6.5711,0.1419,0.4242,2.9338,2.4245,0
2108.5245,0.853,6.2003,0.3765,2.2769,6.4216,0.5726,0
1612.7304,0.8302,1.0693,0.1216,1.7274,1.015,0.6747,0
1468.8715,0.9583,13.5003,0.1288,2.3033,4.3753,3.7722,0
3001.4339,0.684,8.4846,0.2772,0.4292,1.5587,4.2914,0
40.0888,0.1074,73.1104,0.8451,12.2281,32.067,0.1409,1
1254.4997,0.8219,8.4268,0.2104,0.4937,7.5255,2.6738,0
45.9356,0.1089,91.661,0.7917,8.4794,44.7622,0.0128,1
513.0726,0.8394,6.0334,0.3982,2.8792,4.1456,4.6917,0
1.9787,0.269,98.683,0.9634,5.6964,28.8296,0.052,1
18.9503,0.1129,42.6403,0.8942,8.4734,15.6691,0.1465,1
337.9087,0.7568,7.3389,0.2826,2.7832,6.5426,4.0228,0
33.2559,0.1561,90.9069,0.713,10.4354,29.2487,0.0795,1
2031.9053,0.9966,13.5204,0.1251,0.6027,6.5912,3.2076,0
2788.3546,0.9497,5.4568,0.1841,1.2334,2.1509,4.1539,0
3429.7766,0.7039,6.4068,0.0847,2.3276,6.0278,1.5481,0
3560.1516,0.933,6.3272,0.0854,2.3702,3.4427,2.5105,0
38.1345,0.1003,87.2484,0.7558,7.7577,30.3181,0.0307,1
6.5449,0.1037,30.684,0.8912,5.4565,42.76,0.1765,1
1671.9334,0.8757,6.8113,0.0913,0.2791,2.9868,1.5383,0
3221.6223,0.9357,10.5932,0.1368,2.0078,6.6209,1.36,0
15.3954,0.2525,74.6968,0.7187,9.6877,25.6021,0.1782,1
12.7808,0.1244,90.343,0.7855,12.3082,22.3747,0.1889,1
921.737,0.9466,7.0301,0.2816,0.1346,7.2532,4.1873,0
49.4897,0.2743,79.3277,0.9475,8.4039,35.432,0.1194,1
3064.0626,0.8313,1.2433,0.0955,0.479,7.9748,2.632,0
56.5464,0.1202,81.3179,0.9954,10.772,30.2815,0.1878,1
38.2372,0.0491,58.6534,0.8846,7.9992,31.9427,0.0445,1
6.7627,0.0742,80.7337,0.9043,6.5125,19.9998,0.1961,1
2895.1705,0.7584,3.6325,0.2024,2.6926,0.4429,1.0691,0
5.2001,0.0076,47.3062,0.9198,11.7297,42.3128,0.163,1
57.8301,0.1428,84.767,0.7079,10.4302,32.3691,0.0339,1
242.9159,0.6635,10.8693,0.3433,0.2623,0.5644,2.1298,0
1582.7178,0.9138,14.7282,0.2933,0.4875,0.0589,1.5204,0
3462.4232,0.6432,6.5196,0.3906,2.7459,0.7234,2.5671,0
215.9397,0.6193,14.3277,0.3793,0.4329,5.1619,1.2513,0
21.0028,0.0345,33.2019,0.8103,6.1099,48.7225,0.0709,1
2449.311,0.8164,9.6012,0.2133,1.2203,7.3662,0.5873,0
475.8538,0.6907,5.0487,0.2061,2.1542,3.6437,2.8956,0
206.5923,0.6616,0.5937,0.136,1.476,4.9049,0.5449,0
1511.7797,0.9518,6.693,0.1439,2.4766,6.1308,2.6187,0
1452.519,0.7121,12.0484,0.1035,2.9887,0.3005,4.6919,0
1848.6202,0.6905,9.8612,0.1717,1.3174,2.8525,3.0601,0
2188.6504,0.9797,14.3785,0.3379,2.8095,7.4723,3.4721,0
38.3783,0.1817,53.4583,0.9758,8.5237,22.5509,0.0602,1
2134.2998,0.7529,11.2527,0.1284,0.6614,4.0967,4.3317,0
9.5488,0.1761,78.823,0.7789,12.1201,27.9435,0.1411,1
3431.0208,0.9758,1.5228,0.0042,0.3005,3.5412,0.9974,0
282.0932,0.9185,9.9027,0.1099,1.4969,1.7416,0.8752,0
776.6649,0.8632,13.0575,0.1922,1.1485,4.399,2.5231,0
10.5121,0.2398,45.7108,0.8953,7.0202,15.1337,0.0484,1
58.4076,0.0419,57.8316,0.8528,8.0127,17.2993,0.0483,1
334.8864,0.8774,8.3917,0.3753,0.4398,1.085,2.9457,0
31.0057,0.0266,94.9427,0.8065,11.959,26.1155,0.0868,1
47.5875,0.1462,65.5064,0.701,5.2335,39.9417,0.1247,1
45.3901,0.042,95.3713,0.8238,8.8799,25.6026,0.0029,1
3279.2481,0.7511,5.448,0.1544,0.7308,3.7105,1.7933,0
1711.6642,0.6524,6.2066,0.3075,1.2807,6.0762,2.6182,0
1518.2917,0.6651,1.4887,0.3952,1.9568,6.6149,2.0976,0
2672.3239,0.7776,11.0179,0.0084,1.9213,0.4361,1.6086,0
32.8212,0.2245,39.066,0.9192,13.8242,25.9672,0.0429,1
53.7948,0.1683,85.9148,0.9653,14.457,48.1691,0.0575,1
15.1342,0.1611,88.5909,0.7909,6.7376,27.9048,0.0497,1
49.761,0.1749,81.5481,0.7106,8.1122,29.5798,0.0653,1
158.9033,0.9913,14.1444,0.0796,1.0247,4.3136,3.9348,0
40.1466,0.243,61.2132,0.7648,13.5834,24.2954,0.1497,1
2283.7084,0.9831,3.2433,0.1897,2.8882,1.0884,1.1074,0
1547.5058,0.9305,1.125,0.0646,0.05,6.5961,0.8843,0
1986.6649,0.7659,11.4413,0.2231,2.8223,1.2529,1.2383,0
36.4658,0.2849,47.4768,0.8824,5.6537,44.6439,0.1348,1
1333.6917,0.852,14.354,0.1557,2.9442,2.9387,2.4184,0
18.9722,0.2549,53.7912,0.7543,6.141,40.9167,0.0864,1
26.0291,0.0526,90.8233,0.8795,10.5771,40.0014,0.1355,1
1512.4232,0.6,10.9032,0.0807,2.0257,4.3217,4.3925,0
19.6984,0.1005,38.763,0.7724,13.2929,27.0817,0.0234,1
38.6084,0.182,67.8907,0.789,7.9349,48.6047,0.0642,1
2455.5088,0.7004,3.2532,0.3191,2.0229,1.3343,3.5563,0
2009.9806,0.8706,10.286,0.2963,0.1958,2.4408,0.5264,0
3202.9548,0.9601,10.5097,0.1943,2.2801,7.9957,2.9337,0
1685.8366,0.7434,10.9984,0.2804,1.9675,4.4328,4.7005,0
1986.0938,0.8165,1.3082,0.2277,1.7587,3.3093,4.5534,0
9.265,0.0745,51.7253,0.7294,13.9252,37.0823,0.0839,1
2127.9747,0.8256,5.419,0.388,0.2309,7.8119,4.4129,0
13.7334,0.1695,37.3197,0.7216,5.3672,36.782,0.0148,1
38.2784,0.1656,67.1819,0.8346,10.0546,22.8503,0.1567,1
54.5877,0.0261,79.5854,0.7108,8.3521,22.3109,0.126,1
521.4173,0.7382,7.6479,0.0387,2.9981,7.7327,4.3276,0
945.4206,0.7371,14.2134,0.2303,1.7183,3.731,3.9036,0
1531.3977,0.6176,10.5057,0.3454,1.3534,4.5196,2.7949,0
2953.5074,0.9738,14.0249,0.079,0.7801,4.1081,2.0035,0
3353.2929,0.9839,5.4725,0.1782,1.6976,4.458,1.4309,0
57.0743,0.0739,57.1991,0.8311,10.8873,40.1459,0.0063,1
30.6581,0.2037,76.0916,0.9478,8.578,32.514,0.1333,1
36.9643,0.1781,85.8198,0.7383,9.5927,48.488,0.1791,1
1319.0228,0.7231,5.5027,0.12,0.314,6.3876,3.9752,0
743.2006,0.8188,5.4609,0.0354,0.9927,7.5302,0.9208,0
2151.5135,0.7325,9.5093,0.1473,1.3667,7.1518,4.723,0
3332.6503,0.8263,10.9456,0.0903,1.885,6.6886,1.8328,0
23.1021,0.1507,99.1355,0.9661,10.9366,34.7426,0.0628,1
35.4188,0.1168,76.0492,0.8151,10.6938,49.2484,0.1199,1
44.5359,0.276,53.5827,0.8591,14.5506,44.6815,0.1503,1
49.2161,0.1715,78.152,0.9768,13.712,19.3529,0.0714,1
7.4931,0.1454,86.6661,0.9873,9.1776,46.848,0.0918,1
3431.6117,0.9832,5.4676,0.2153,2.5914,4.5538,4.0158,0
3391.2894,0.9562,14.3662,0.3066,1.3471,1.5678,4.7146,0
18.7518,0.0982,69.6012,0.8871,8.1435,37.5452,0.1077,1
279.7098,0.7663,3.2031,0.3906,2.3092,0.3287,3.6618,0
53.9295,0.1744,97.8214,0.7405,13.6456,25.9152,0.1753,1
3543.2392,0.8308,5.9618,0.3865,1.3779,7.5501,1.8876,0
47.9518,0.1923,64.9222,0.9523,5.7093,22.3215,0.1583,1
22.2512,0.1834,78.2625,0.9041,10.1657,24.084,0.1084,1
7.0843,0.0624,41.6929,0.8663,8.406,19.4753,0.0135,1
19.7622,0.1111,90.3489,0.8687,14.6713,30.1836,0.0125,1
52.763,0.2006,95.242,0.9467,8.0395,28.2683,0.05,1
10.5361,0.101,31.5486,0.7935,9.2255,19.3943,0.0388,1
42.6683,0.0353,44.1297,0.8495,10.4141,48.3278,0.1856,1
26.2629,0.1152,39.1871,0.7058,5.6364,35.2404,0.1,1
27.4583,0.1308,95.5624,0.9166,14.6402,38.2067,0.1132,1
2310.7746,0.79,14.4425,0.2707,0.7449,7.0531,2.422,0
1164.7943,0.7768,14.886,0.205,2.2123,4.007,4.5759,0
1925.0388,0.9796,14.5046,0.3866,1.3406,2.6326,1.5394,0
1176.6649,0.6218,1.768,0.3779,1.7862,5.958,1.2044,0
2355.721,0.6195,10.4161,0.3868,2.7503,5.9411,2.112,0
31.1341,0.0757,48.1828,0.8351,9.2749,28.5677,0.1677,1
242.2099,0.7294,10.1035,0.0319,2.521,7.4655,3.1432,0
30.8099,0.0544,32.567,0.9283,9.0963,15.0004,0.1998,1
2943.4815,0.8209,6.5522,0.1841,0.0507,1.6601,3.7816,0
2040.7697,0.8595,0.6012,0.0771,1.8995,2.8001,1.0078,0
1771.9089,0.7263,2.2275,0.0029,2.048,6.7452,3.0342,0
3573.1595,0.8567,3.3341,0.0207,1.2568,3.1684,1.4691,0
51.1042,0.2193,49.1282,0.7718,6.1258,15.8258,0.1465,1
3324.9427,0.6538,5.0373,0.0504,2.4585,2.8933,4.0736,0
1502.8013,0.7959,13.7891,0.1545,0.2526,3.3984,1.2774,0
1214.2672,0.7357,10.296,0.2789,0.3211,2.6998,1.8694,0
1630.8802,0.7907,1.6289,0.1908,1.0267,3.0095,3.8276,0
2959.2767,0.6708,5.4129,0.1283,1.7574,4.0409,2.3538,0
986.3248,0.9169,14.2028,0.3651,0.1463,6.4182,4.1826,0
248.799,0.8047,4.8485,0.1937,1.2469,1.6748,4.3517,0
525.6134,0.6461,7.5069,0.0816,2.2864,0.9639,1.762,0
17.64,0.1958,84.1431,0.7028,8.7117,32.7422,0.0487,1
1077.0991,0.6833,8.1132,0.0244,2.4154,5.1802,0.7731,0
321.4989,0.6227,14.1514,0.1721,1.392,2.0256,3.5743,0
42.4466,0.263,63.5957,0.8428,12.0263,23.4663,0.1121,1
1794.5939,0.8065,3.3887,0.2319,1.4902,0.2344,3.694,0
59.2117,0.1663,36.5731,0.8003,10.417,36.0544,0.1055,1
35.4357,0.2752,73.3643,0.987,10.7728,20.5046,0.1726,1
55.8522,0.1884,45.6672,0.8599,6.8422,23.6388,0.1428,1
1962.8115,0.9491,5.6793,0.2803,0.4703,5.1425,1.48,0
35.0373,0.1996,44.9173,0.8581,14.0289,17.0246,0.0491,1
348.8839,0.6738,12.3086,0.0682,1.7653,6.6416,4.8109,0
1114.2619,0.6202,3.1508,0.0398,2.6725,0.6555,2.9159,0
276.131,0.9949,13.2496,0.2262,0.8584,5.0067,4.1347,0
41.2974,0.1226,64.4594,0.9522,9.2993,29.6807,0.1324,1
2960.0533,0.7887,4.0141,0.1176,0.0509,3.8599,2.9147,0
1788.3665,0.9282,5.6087,0.0365,0.2807,5.2078,1.0452,0
30.0585,0.1569,32.1794,0.8278,13.5226,48.5226,0.0115,1
470.8135,0.8381,5.9646,0.2839,2.7287,4.5505,4.4364,0
715.911,0.8331,1.1844,0.3541,1.7394,4.4928,3.352,0
11.2244,0.1197,81.2113,0.9308,8.9458,15.4236,0.0011,1
2219.033,0.8916,13.1591,0.2494,1.8769,5.0007,3.5857,0
19.8395,0.1771,44.4089,0.7917,11.8827,23.0646,0.0822,1
2018.0527,0.668,1.8015,0.1578,2.8568,3.5248,1.9403,0
3519.9291,0.6228,9.9068,0.0723,2.721,0.4098,4.5647,0
56.4736,0.1695,49.3779,0.9526,10.3397,16.2607,0.1644,1
34.6336,0.2682,34.4946,0.7329,8.1695,39.7702,0.0784,1
124.4168,0.7649,3.8746,0.2869,0.4908,6.0554,2.647,0
3190.8751,0.9784,7.7584,0.0999,1.0272,2.4005,3.618,0
1727.0488,0.8647,12.1347,0.0398,0.5598,4.3173,3.4959,0
23.1594,0.0755,69.1754,0.8384,9.7249,49.3417,0.171,1
50.8476,0.2148,61.1714,0.8771,8.0631,32.4139,0.1522,1
44.3692,0.24,75.9716,0.748,8.1887,17.4153,0.0067,1
16.6469,0.1723,59.3809,0.9076,5.124,28.9302,0.0331,1
580.8814,0.9217,10.2695,0.1645,1.8489,2.5624,0.5319,0
997.6463,0.9884,11.6569,0.2036,0.2102,2.2202,2.6472,0
3.5464,0.2198,91.4961,0.7819,14.0945,42.5172,0.1219,1
3.6729,0.2991,55.9727,0.7592,8.6192,23.785,0.0405,1
2310.3384,0.7073,4.6416,0.0353,0.5453,7.6987,4.1343,0
836.7703,0.8226,12.2732,0.373,0.147,6.4146,2.5241,0
1697.7082,0.7419,9.2036,0.2649,2.7968,3.0689,2.6182,0
2542.5617,0.6716,11.2866,0.2725,1.8435,2.1463,3.6413,0
1818.273,0.8737,2.8446,0.3582,1.8689,7.1088,0.7356,0
721.6871,0.8859,12.9511,0.1128,0.5775,5.3765,3.7646,0
372.6508,0.842,3.2842,0.1623,2.2871,7.7474,1.9715,0
3591.6636,0.8346,3.2569,0.3573,2.4479,6.2233,2.5896,0
648.4473,0.8599,11.2587,0.3519,0.8226,1.3449,2.3477,0
3547.5857,0.9199,14.2428,0.0057,0.6345,2.1893,2.3733,0
1071.4235,0.9274,10.1139,0.1751,0.3375,3.7752,2.1483,0
1589.6772,0.656,9.7038,0.1564,1.1062,3.2457,3.5479,0
1837.3435,0.7104,3.5405,0.0946,2.9474,4.3529,1.7181,0
2438.4476,0.7185,5.1458,0.0538,2.3853,7.05,1.7851,0
20.1858,0.072,62.7181,0.7409,9.9781,36.8674,0.136,1
54.977,0.2243,83.9645,0.9308,10.8281,21.8542,0.1082,1
3412.8781,0.7772,2.5064,0.1549,2.9523,1.6744,4.1399,0
43.9648,0.1712,32.0473,0.8342,12.4883,38.0074,0.0585,1
694.5934,0.8692,12.2473,0.3721,1.5861,0.7258,0.8,0
48.6954,0.2834,78.7402,0.7366,8.4951,44.1951,0.0553,1
847.2996,0.9464,2.9915,0.3049,0.3201,4.7486,1.3482,0
40.9763,0.052,73.1849,0.8142,11.8633,37.5691,0.131,1
208.1461,0.7018,6.0593,0.2706,0.3783,1.4988,1.5772,0
2771.0125,0.6741,5.0835,0.0558,2.1561,0.7051,2.5726,0
2054.855,0.8503,14.1019,0.391,0.0259,3.6656,1.7384,0
2095.7703,0.8219,2.5474,0.1031,2.2081,7.84,2.5198,0
455.8718,0.7639,12.0121,0.0291,2.8968,4.7622,3.0485,0
1880.3888,0.9645,13.9677,0.1643,1.6118,1.396,2.0507,0
30.1339,0.1422,42.357,0.8735,12.9285,42.1371,0.1345,1
1586.0558,0.7012,1.2137,0.1312,0.8374,4.5822,3.0962,0
56.4871,0.1388,90.8036,0.9483,12.9458,27.7988,0.0832,1
2787.5208,0.9025,1.0161,0.2008,2.4972,4.353,3.0658,0
3257.7936,0.873,11.5201,0.389,1.942,2.4567,0.8505,0
3035.3479,0.9014,5.8525,0.1329,0.6986,5.5795,4.0556,0
7.934,0.0248,57.5705,0.7355,14.9385,21.8334,0.0551,1
1894.5561,0.8225,13.3495,0.034,1.8311,3.1535,0.5382,0
2335.8633,0.6392,0.8676,0.2285,2.4025,2.2381,1.1723,0
6.9868,0.0967,77.8307,0.8922,7.8004,19.2073,0.1718,1
22.9491,0.2491,41.8831,0.94,9.3053,41.9893,0.1776,1
215.1742,0.7585,4.822,0.3098,1.5086,6.9448,2.6032,0
26.3106,0.2689,47.41,0.7564,5.2545,24.8865,0.169,1
2216.0909,0.8593,12.9342,0.1164,0.7585,7.8514,4.8879,0
2637.3741,0.9304,11.571,0.18,0.96,4.7701,3.1955,0
45.043,0.2895,77.635,0.9085,7.8152,49.0968,0.0004,1
10.2051,0.2054,86.4593,0.8141,7.7195,22.0166,0.1143,1
683.6396,0.9255,10.7424,0.3431,0.804,2.4245,4.4658,0
1761.6451,0.6378,12.9483,0.2327,0.9802,0.8672,2.7257,0
527.3759,0.919,13.8285,0.2864,2.6774,4.7264,3.3716,0
1429.6463,0.6278,7.5495,0.2403,2.4638,7.3863,1.6152,0
2776.2317,0.8808,5.935,0.0154,0.117,6.9346,1.5716,0
393.7158,0.7321,0.701,0.1959,0.3372,0.8464,3.0161,0
3396.6385,0.8921,0.5033,0.023,1.9303,5.0257,0.9034,0
941.1133,0.7261,4.825,0.3742,0.6351,7.7609,1.8922,0
2.4997,0.0577,84.5709,0.7257,12.9791,24.9496,0.0017,1
1021.8315,0.9314,12.4081,0.1731,1.1349,3.0589,2.4496,0
427.8799,0.8564,12.7363,0.3537,0.2928,7.8875,0.9037,0
3612.5515,0.8413,11.4916,0.0342,1.9389,3.6854,4.4657,0
23.9629,0.2452,89.0919,0.9874,8.6459,49.0577,0.1716,1
3640.1945,0.9041,4.6787,0.3418,0.6986,6.9792,2.635,0
31.684,0.2015,31.7081,0.8651,12.0784,29.264,0.0693,1
4.838,0.299,46.1006,0.9148,9.6393,25.3117,0.1502,1
3289.272,0.7567,3.8867,0.1372,0.7051,1.5595,0.7464,0
2527.7259,0.6865,4.4728,0.0025,1.8901,2.2902,4.8561,0
38.8799,0.1598,83.0784,0.9897,14.768,33.2454,0.1107,1
56.6317,0.0322,77.8281,0.9782,12.1935,39.9566,0.0401,1
31.3398,0.082,89.1185,0.7922,14.813,48.5107,0.1283,1
1883.6169,0.6248,3.4593,0.0898,0.6128,4.8043,3.9526,0
47.8939,0.0493,92.5869,0.7919,12.4319,41.1606,0.1038,1
53.5256,0.2457,61.4086,0.9189,8.7533,45.1924,0.0847,1
1321.0498,0.6606,3.9039,0.1191,0.7715,0.525,3.3625,0
49.0536,0.0081,55.1463,0.7893,9.4642,35.6896,0.0177,1
17.9059,0.1386,32.3242,0.72,9.8204,48.3,0.1804,1
40.6786,0.2291,61.6539,0.8175,5.3096,29.792,0.0464,1
2259.5342,0.9494,6.4128,0.1783,2.8739,4.0955,1.0927,0
25.3444,0.2567,35.1448,0.8204,6.6686,39.2766,0.1796,1
2115.432,0.7914,7.8146,0.3337,0.1982,2.7099,2.2281,0
58.4893,0.2851,56.585,0.7171,14.8074,25.1516,0.0393,1
22.4541,0.0808,63.6411,0.9977,6.8741,48.277,0.1043,1
49.8955,0.0409,83.7791,0.9342,13.064,16.7579,0.1198,1
58.2229,0.281,81.6914,0.9495,14.6403,20.7062,0.1558,1
1626.4475,0.7608,4.1586,0.3597,2.2057,3.899,4.5332,0
1.4102,0.011,56.0882,0.729,13.8193,32.2835,0.1903,1
1430.263,0.7674,2.29,0.1318,0.1496,4.1371,3.869,0
914.2485,0.7645,12.9941,0.2668,2.503,3.3439,1.5155,0
3414.8105,0.7533,1.0773,0.3638,1.8129,3.6857,1.2173,0
201.7161,0.9986,4.7327,0.0272,1.2194,7.5903,4.7917,0
17.5751,0.1052,59.495,0.9468,5.5196,29.1006,0.1297,1
904.1518,0.6497,0.6918,0.3708,2.4625,5.3658,0.5577,0
11.7277,0.0136,79.3903,0.7587,10.3242,36.9307,0.1243,1
40.656,0.0851,41.1024,0.8661,6.4197,43.7763,0.1873,1
8.2003,0.2862,67.7644,0.9127,13.5062,38.0489,0.0359,1
17.3655,0.0816,45.9089,0.8831,12.618,34.3447,0.1762,1
17.6294,0.0666,71.5066,0.8695,12.9838,21.5148,0.1398,1
33.7568,0.084,34.7486,0.8461,12.6606,29.4775,0.0708,1
1122.206,0.7549,4.1048,0.0218,0.5243,7.7981,1.7833,0
20.1986,0.2492,35.7667,0.7173,13.2939,37.6261,0.0331,1
338.6813,0.6317,14.3243,0.0737,1.9886,3.1155,1.8658,0
56.4304,0.1656,95.7347,0.9458,6.6577,43.2882,0.0537,1
2077.4938,0.6581,5.7563,0.324,1.3443,7.7429,3.9594,0
42.5158,0.1087,77.616,0.8015,8.6905,16.5719,0.1517,1
1528.5422,0.8338,6.1813,0.1828,2.9568,5.7609,4.9677,0
1026.7223,0.7009,13.85,0.0234,0.4316,1.2113,1.8104,0
1422.4067,0.8333,3.6847,0.16,0.391,0.8464,3.1823,0
31.8124,0.2616,44.0105,0.7254,5.0766,35.7746,0.0133,1
2508.6749,0.6785,1.5638,0.3932,1.0636,3.2202,3.8543,0
23.7208,0.2819,63.7066,0.7646,14.0963,38.5946,0.0231,1
319.42,0.7459,13.7675,0.2333,0.5915,0.971,2.0181,0
39.3034,0.1809,75.5863,0.823,13.8031,27.087,0.0312,1
30.0649,0.1149,95.1664,0.9799,6.392,39.3108,0.0335,1
1287.1242,0.7953,2.231,0.2317,1.5097,2.9747,3.5017,0
2150.5927,0.6709,14.0545,0.1811,0.1699,7.4673,1.089,0
1425.7757,0.9055,1.501,0.2175,0.0224,1.922,4.8099,0
18.3219,0.2464,50.4164,0.8183,10.1236,38.7867,0.1377,1
5.9643,0.0155,31.7211,0.8297,6.1072,49.1605,0.1006,1
38.306,0.296,39.0209,0.8547,11.2093,45.8055,0.0044,1
2315.1946,0.6065,8.6866,0.2633,2.1311,3.9439,3.7086,0
2213.0056,0.676,2.9333,0.2391,2.7712,3.1219,4.1327,0
54.2506,0.008,41.7333,0.7016,5.7171,41.7941,0.019,1
1227.3014,0.6502,10.1156,0.2571,1.6938,7.3603,2.2053,0
5.354,0.1785,86.5492,0.7778,6.3065,44.3649,0.1922,1
1387.0873,0.9744,4.69,0.1116,1.3377,4.0761,2.8415,0
3303.5663,0.9818,6.3505,0.0516,2.1632,7.427,4.4151,0
15.7082,0.1382,42.1727,0.8557,8.1676,32.8895,0.0869,1
2673.7716,0.6411,13.5121,0.0147,0.0739,6.3516,2.1029,0
48.6032,0.073,61.7653,0.9975,11.8841,44.2539,0.1334,1
57.0921,0.1608,67.9331,0.8438,7.4698,41.7585,0.1593,1
668.8009,0.913,8.7499,0.3366,0.6362,0.9179,3.9484,0
896.3309,0.8214,10.118,0.1785,2.8811,4.9806,4.7067,0
3019.4533,0.6841,4.6647,0.3691,2.993,2.6664,1.9559,0
51.9231,0.1377,85.0442,0.7696,5.2717,19.3022,0.1473,1
1.5426,0.297,83.9285,0.7317,14.1808,43.2504,0.1676,1
57.9723,0.2307,35.3867,0.8241,11.0853,40.8254,0.0556,1
3407.0199,0.8327,12.4991,0.091,1.126,5.2218,1.7927,0
3108.2272,0.8719,8.98,0.0727,0.7743,5.0147,4.3453,0
53.3745,0.1625,96.6268,0.8443,14.5592,49.47,0.1249,1
7.5607,0.1256,32.1271,0.9995,10.8047,47.2348,0.1883,1
57.7102,0.0466,80.1077,0.713,6.23,33.0844,0.0649,1
43.0814,0.1923,75.4753,0.9974,14.6448,43.1385,0.1915,1
6.7722,0.1897,32.1457,0.7674,9.1895,28.0103,0.1308,1
3056.9005,0.6309,4.8207,0.1832,1.0062,2.6362,0.5165,0
1727.4316,0.9462,3.8507,0.2949,2.792,1.9067,1.1968,0
37.3352,0.1244,59.7845,0.7722,11.6857,27.4992,0.1433,1
3014.4826,0.7606,0.5087,0.0665,1.8803,2.0453,3.8156,0
57.2818,0.0904,84.3618,0.9201,5.3467,22.8883,0.0858,1
13.528,0.2598,32.7599,0.7055,6.3925,32.8651,0.0706,1
42.0625,0.1557,75.0504,0.9904,6.3149,42.0069,0.1323,1
601.3436,0.8526,3.3802,0.1796,0.8044,2.8202,2.9007,0
11.4689,0.0715,39.1612,0.774,11.0107,29.3294,0.1115,1
54.8812,0.1192,32.7733,0.9866,11.5222,31.0883,0.1071,1
19.926,0.0738,88.2494,0.7626,11.3414,19.781,0.1854,1
1987.0811,0.777,14.3569,0.3243,1.2521,1.9797,4.6164,0
2771.2626,0.827,5.4538,0.2273,1.3787,3.2865,1.5798,0
1829.792,0.6414,10.327,0.2595,0.0798,4.0981,4.5437,0
3013.4714,0.7622,13.3788,0.0571,2.7863,5.1818,4.3678,0
35.4745,0.2185,52.721,0.74,9.6268,34.1251,0.1166,1
3054.8906,0.6646,14.6706,0.3247,1.9355,4.7399,1.3736,0
3285.6488,0.6597,7.6955,0.3479,0.9307,1.2576,0.8814,0
2969.8404,0.6529,11.2223,0.1266,1.4236,5.7375,0.9005,0
22.8394,0.1508,89.1348,0.7033,14.9544,19.9281,0.1393,1
2138.7209,0.6504,4.2148,0.1899,2.0901,3.8919,3.6366,0
1588.0992,0.7933,9.8205,0.3176,0.7749,0.3153,2.4561,0
302.2745,0.9061,13.2564,0.2009,0.7907,3.9354,1.3272,0
3398.4637,0.6513,2.5192,0.2706,1.5019,6.3043,2.177,0
15.2693,0.0561,79.572,0.9294,11.6498,29.1501,0.1579,1
138.3793,0.6835,8.5555,0.0717,1.7881,6.0975,2.7641,0
1042.5122,0.8468,14.7497,0.1131,0.8767,0.5802,1.8262,0
59.5849,0.0787,76.7315,0.9822,13.6997,15.8818,0.1606,1
545.4764,0.869,4.1075,0.3318,1.4831,1.6809,1.5493,0
1290.2406,0.6139,3.0289,0.0662,0.3999,6.4295,0.7355,0
3.6684,0.2265,63.5913,0.952,11.5097,17.6902,0.0151,1
32.1344,0.0094,52.8923,0.7896,10.3339,28.4524,0.1676,1
1187.9453,0.7176,10.9423,0.3731,1.0229,3.2282,1.5807,0
1359.065,0.6882,2.6173,0.0677,0.4316,4.3244,3.3258,0
1559.7511,0.6482,1.0649,0.3457,2.9399,6.3794,0.8333,0
51.2171,0.1883,38.2116,0.7036,11.692,24.0967,0.1211,1
9.2301,0.1143,50.8144,0.9803,10.6017,19.7052,0.0866,1
57.7963,0.2763,87.2108,0.7063,12.0226,20.6945,0.0017,1
8.0103,0.2214,76.122,0.9357,9.0178,43.2475,0.1297,1
22.6992,0.1068,87.8072,0.8802,11.5115,31.5299,0.0888,1
48.0994,0.0688,46.9432,0.9064,12.4359,16.5365,0.1687,1
3182.8538,0.6238,11.36,0.087,1.8676,1.5299,2.1192,0
53.9357,0.1276,70.7519,0.8508,14.072,35.8296,0.1828,1
48.4054,0.0536,52.7633,0.8385,10.822,47.9275,0.1758,1
3542.5189,0.6321,8.3971,0.2142,0.2652,3.545,4.0986,0
34.8328,0.1228,33.9961,0.8105,5.2754,48.8396,0.0721,1
37.5878,0.2084,56.1276,0.7477,7.0322,43.0001,0.1214,1
26.5972,0.2883,80.9018,0.8839,8.5477,48.2825,0.0313,1
513.8699,0.9762,5.5109,0.122,2.7366,5.1058,1.9771,0
47.916,0.1353,53.7615,0.7522,6.1384,31.6915,0.0739,1
1879.5285,0.634,9.2625,0.0161,0.317,2.4094,2.4883,0
25.6272,0.214,80.6394,0.9268,6.6223,37.1449,0.161,1
223.936,0.752,12.5163,0.1874,1.7363,2.9785,3.859,0
745.315,0.7547,2.4179,0.1388,0.7102,2.7069,0.8731,0
7.3656,0.0123,54.5088,0.9683,8.9597,19.684,0.0867,1
6.5721,0.1932,89.807,0.8518,11.9249,46.2395,0.0529,1
38.6159,0.0387,41.6924,0.8213,11.5678,38.8916,0.0031,1
4.3219,0.0499,45.0973,0.8909,9.889,24.5925,0.1394,1
22.0024,0.0674,68.8754,0.994,7.5761,31.8312,0.1241,1
43.0186,0.1047,78.5578,0.7174,12.2667,15.0474,0.0459,1
17.857,0.2157,98.4022,0.7553,8.9514,40.447,0.091,1
53.8694,0.0628,96.8956,0.718,10.0521,46.2155,0.0495,1
1404.2371,0.8404,4.1038,0.1141,1.2639,2.1579,0.9583,0
37.0993,0.1782,78.8194,0.7181,14.6339,39.2386,0.0572,1
2270.6958,0.94,4.1246,0.1218,0.8845,5.6262,3.0705,0
12.7242,0.2351,46.3525,0.7504,10.1939,46.7139,0.122,1
25.2126,0.0619,57.7369,0.7203,13.5718,16.6398,0.1447,1
48.7523,0.0332,78.6487,0.8378,6.0422,17.6684,0.0507,1
2992.0821,0.6238,9.5688,0.2413,1.3662,0.5192,0.8236,0
42.3572,0.0817,32.0982,0.9415,8.8948,20.8562,0.0778,1
19.547,0.0531,91.865,0.768,6.5795,41.2026,0.1829,1
